{
  "manifest_version": 3,
  "name": "Memorize Bookmark",
  "version": "0.1.0",
  "description": "Quickly bookmark the current page to your Memorize app.",
  "action": {
    "default_title": "Save to Memorize",
    "default_popup": "popup.html",
    "default_icon": {
      "16": "icon-16.png",
      "32": "icon-32.png"
    }
  },
  "permissions": [
    "storage",
    "activeTab"
  ],
  "host_permissions": [
    "https://vensera.up.railway.app/*"
  ],
  "icons": {
    "16": "icon-16.png",
    "32": "icon-32.png",
    "128": "icon-128.png"
  }
}
